,0
"Arizona 2012 NA, bid 1",314.0
"Arizona 2012 NA, bid 2",157.0
"Arizona 2012 NA, bid 3",104.66666666666667
"Arizona 2012 NA, bid 4",78.5
"Arizona 2012 NA, bid 5",62.8
"Arizona 2012 NA, bid 6",52.333333333333336
"Arizona 2012 NA, bid 7",44.857142857142854
"Arizona 2012 NA, bid 8",39.25
"Arizona 2012 NA, bid 9",34.888888888888886
"Arizona 2012 democrat, bid 1",1036542.0
"Arizona 2012 democrat, bid 2",518271.0
"Arizona 2012 democrat, bid 3",345514.0
"Arizona 2012 democrat, bid 4",259135.5
"Arizona 2012 democrat, bid 5",207308.4
"Arizona 2012 democrat, bid 6",172757.0
"Arizona 2012 democrat, bid 7",148077.42857142858
"Arizona 2012 democrat, bid 8",129567.75
"Arizona 2012 democrat, bid 9",115171.33333333333
"Arizona 2012 libertarian, bid 1",102109.0
"Arizona 2012 libertarian, bid 2",51054.5
"Arizona 2012 libertarian, bid 3",34036.333333333336
"Arizona 2012 libertarian, bid 4",25527.25
"Arizona 2012 libertarian, bid 5",20421.8
"Arizona 2012 libertarian, bid 6",17018.166666666668
"Arizona 2012 libertarian, bid 7",14587.0
"Arizona 2012 libertarian, bid 8",12763.625
"Arizona 2012 libertarian, bid 9",11345.444444444445
"Arizona 2012 republican, bid 1",1104457.0
"Arizona 2012 republican, bid 2",552228.5
"Arizona 2012 republican, bid 3",368152.3333333333
"Arizona 2012 republican, bid 4",276114.25
"Arizona 2012 republican, bid 5",220891.4
"Arizona 2012 republican, bid 6",184076.16666666666
"Arizona 2012 republican, bid 7",157779.57142857142
"Arizona 2012 republican, bid 8",138057.125
"Arizona 2012 republican, bid 9",122717.44444444444
"California 2012 democrat, bid 1",7864624.0
"California 2012 democrat, bid 2",3932312.0
"California 2012 democrat, bid 3",2621541.3333333335
"California 2012 democrat, bid 4",1966156.0
"California 2012 democrat, bid 5",1572924.8
"California 2012 democrat, bid 6",1310770.6666666667
"California 2012 democrat, bid 7",1123517.7142857143
"California 2012 democrat, bid 8",983078.0
"California 2012 democrat, bid 9",873847.1111111111
"California 2012 democrat, bid 10",786462.4
"California 2012 democrat, bid 11",714965.8181818182
"California 2012 democrat, bid 12",655385.3333333334
"California 2012 democrat, bid 13",604971.0769230769
"California 2012 democrat, bid 14",561758.8571428572
"California 2012 democrat, bid 15",524308.2666666667
"California 2012 democrat, bid 16",491539.0
"California 2012 democrat, bid 17",462624.9411764706
"California 2012 democrat, bid 18",436923.55555555556
"California 2012 democrat, bid 19",413927.5789473684
"California 2012 democrat, bid 20",393231.2
"California 2012 democrat, bid 21",374505.90476190473
"California 2012 democrat, bid 22",357482.9090909091
"California 2012 democrat, bid 23",341940.17391304346
"California 2012 democrat, bid 24",327692.6666666667
"California 2012 democrat, bid 25",314584.96
"California 2012 democrat, bid 26",302485.53846153844
"California 2012 democrat, bid 27",291282.3703703704
"California 2012 democrat, bid 28",280879.4285714286
"California 2012 democrat, bid 29",271193.9310344828
"California 2012 democrat, bid 30",262154.13333333336
"California 2012 democrat, bid 31",253697.5483870968
"California 2012 democrat, bid 32",245769.5
"California 2012 democrat, bid 33",238321.9393939394
"California 2012 democrat, bid 34",231312.4705882353
"California 2012 democrat, bid 35",224703.54285714286
"California 2012 democrat, bid 36",218461.77777777778
"California 2012 democrat, bid 37",212557.4054054054
"California 2012 democrat, bid 38",206963.7894736842
"California 2012 democrat, bid 39",201657.02564102566
"California 2012 democrat, bid 40",196615.6
"California 2012 democrat, bid 41",191820.0975609756
"California 2012 democrat, bid 42",187252.95238095237
"California 2012 democrat, bid 43",182898.23255813954
"California 2012 democrat, bid 44",178741.45454545456
"California 2012 democrat, bid 45",174769.42222222223
"California 2012 democrat, bid 46",170970.08695652173
"California 2012 democrat, bid 47",167332.4255319149
"California 2012 democrat, bid 48",163846.33333333334
"California 2012 democrat, bid 49",160502.5306122449
"California 2012 democrat, bid 50",157292.48
"California 2012 democrat, bid 51",154208.3137254902
"California 2012 democrat, bid 52",151242.76923076922
"California 2012 democrat, bid 53",148389.1320754717
"California 2012 republican, bid 1",4713887.0
"California 2012 republican, bid 2",2356943.5
"California 2012 republican, bid 3",1571295.6666666667
"California 2012 republican, bid 4",1178471.75
"California 2012 republican, bid 5",942777.4
"California 2012 republican, bid 6",785647.8333333334
"California 2012 republican, bid 7",673412.4285714285
"California 2012 republican, bid 8",589235.875
"California 2012 republican, bid 9",523765.22222222225
"California 2012 republican, bid 10",471388.7
"California 2012 republican, bid 11",428535.1818181818
"California 2012 republican, bid 12",392823.9166666667
"California 2012 republican, bid 13",362606.6923076923
"California 2012 republican, bid 14",336706.21428571426
"California 2012 republican, bid 15",314259.13333333336
"California 2012 republican, bid 16",294617.9375
"California 2012 republican, bid 17",277287.4705882353
"California 2012 republican, bid 18",261882.61111111112
"California 2012 republican, bid 19",248099.31578947368
"California 2012 republican, bid 20",235694.35
"California 2012 republican, bid 21",224470.80952380953
"California 2012 republican, bid 22",214267.5909090909
"California 2012 republican, bid 23",204951.60869565216
"California 2012 republican, bid 24",196411.95833333334
"California 2012 republican, bid 25",188555.48
"California 2012 republican, bid 26",181303.34615384616
"California 2012 republican, bid 27",174588.40740740742
"California 2012 republican, bid 28",168353.10714285713
"California 2012 republican, bid 29",162547.8275862069
"California 2012 republican, bid 30",157129.56666666668
"California 2012 republican, bid 31",152060.87096774194
"California 2012 republican, bid 32",147308.96875
"California 2012 republican, bid 33",142845.0606060606
"California 2012 republican, bid 34",138643.73529411765
"California 2012 republican, bid 35",134682.48571428572
"California 2012 republican, bid 36",130941.30555555556
"California 2012 republican, bid 37",127402.35135135135
"California 2012 republican, bid 38",124049.65789473684
"California 2012 republican, bid 39",120868.89743589744
"California 2012 republican, bid 40",117847.175
"California 2012 republican, bid 41",114972.85365853658
"California 2012 republican, bid 42",112235.40476190476
"California 2012 republican, bid 43",109625.27906976744
"California 2012 republican, bid 44",107133.79545454546
"California 2012 republican, bid 45",104753.04444444444
"California 2012 republican, bid 46",102475.80434782608
"California 2012 republican, bid 47",100295.46808510639
"California 2012 republican, bid 48",98205.97916666667
"California 2012 republican, bid 49",96201.77551020408
"California 2012 republican, bid 50",94277.74
"California 2012 republican, bid 51",92429.1568627451
"California 2012 republican, bid 52",90651.67307692308
"California 2012 republican, bid 53",88941.2641509434
"Connecticut 2012 NA, bid 1",6869.0
"Connecticut 2012 NA, bid 2",3434.5
"Connecticut 2012 NA, bid 3",2289.6666666666665
"Connecticut 2012 NA, bid 4",1717.25
"Connecticut 2012 NA, bid 5",1373.8
"Connecticut 2012 democrat, bid 1",792983.0
"Connecticut 2012 democrat, bid 2",396491.5
"Connecticut 2012 democrat, bid 3",264327.6666666667
"Connecticut 2012 democrat, bid 4",198245.75
"Connecticut 2012 democrat, bid 5",158596.6
"Connecticut 2012 independent, bid 1",46520.0
"Connecticut 2012 independent, bid 2",23260.0
"Connecticut 2012 independent, bid 3",15506.666666666666
"Connecticut 2012 independent, bid 4",11630.0
"Connecticut 2012 independent, bid 5",9304.0
"Connecticut 2012 libertarian, bid 1",25045.0
"Connecticut 2012 libertarian, bid 2",12522.5
"Connecticut 2012 libertarian, bid 3",8348.333333333334
"Connecticut 2012 libertarian, bid 4",6261.25
"Connecticut 2012 libertarian, bid 5",5009.0
"Connecticut 2012 republican, bid 1",604569.0
"Connecticut 2012 republican, bid 2",302284.5
"Connecticut 2012 republican, bid 3",201523.0
"Connecticut 2012 republican, bid 4",151142.25
"Connecticut 2012 republican, bid 5",120913.8
"Connecticut 2012 working families, bid 1",35778.0
"Connecticut 2012 working families, bid 2",17889.0
"Connecticut 2012 working families, bid 3",11926.0
"Connecticut 2012 working families, bid 4",8944.5
"Connecticut 2012 working families, bid 5",7155.6
"Delaware 2012 democrat, bid 1",265415.0
"Delaware 2012 green, bid 1",3191.0
"Delaware 2012 independent, bid 1",15300.0
"Delaware 2012 republican, bid 1",115700.0
"Florida 2012 , bid 1",19.0
"Florida 2012 , bid 2",9.5
"Florida 2012 , bid 3",6.333333333333333
"Florida 2012 , bid 4",4.75
"Florida 2012 , bid 5",3.8
"Florida 2012 , bid 6",3.1666666666666665
"Florida 2012 , bid 7",2.7142857142857144
"Florida 2012 , bid 8",2.375
"Florida 2012 , bid 9",2.111111111111111
"Florida 2012 , bid 10",1.9
"Florida 2012 , bid 11",1.7272727272727273
"Florida 2012 , bid 12",1.5833333333333333
"Florida 2012 , bid 13",1.4615384615384615
"Florida 2012 , bid 14",1.3571428571428572
"Florida 2012 , bid 15",1.2666666666666666
"Florida 2012 , bid 16",1.1875
"Florida 2012 , bid 17",1.1176470588235294
"Florida 2012 , bid 18",1.0555555555555556
"Florida 2012 , bid 19",1.0
"Florida 2012 , bid 20",0.95
"Florida 2012 , bid 21",0.9047619047619048
"Florida 2012 , bid 22",0.8636363636363636
"Florida 2012 , bid 23",0.8260869565217391
"Florida 2012 , bid 24",0.7916666666666666
"Florida 2012 , bid 25",0.76
"Florida 2012 , bid 26",0.7307692307692307
"Florida 2012 , bid 27",0.7037037037037037
"Florida 2012 NA, bid 1",41.0
"Florida 2012 NA, bid 2",20.5
"Florida 2012 NA, bid 3",13.666666666666666
"Florida 2012 NA, bid 4",10.25
"Florida 2012 NA, bid 5",8.2
"Florida 2012 NA, bid 6",6.833333333333333
"Florida 2012 NA, bid 7",5.857142857142857
"Florida 2012 NA, bid 8",5.125
"Florida 2012 NA, bid 9",4.555555555555555
"Florida 2012 NA, bid 10",4.1
"Florida 2012 NA, bid 11",3.727272727272727
"Florida 2012 NA, bid 12",3.4166666666666665
"Florida 2012 NA, bid 13",3.1538461538461537
"Florida 2012 NA, bid 14",2.9285714285714284
"Florida 2012 NA, bid 15",2.7333333333333334
"Florida 2012 NA, bid 16",2.5625
"Florida 2012 NA, bid 17",2.411764705882353
"Florida 2012 NA, bid 18",2.2777777777777777
"Florida 2012 NA, bid 19",2.1578947368421053
"Florida 2012 NA, bid 20",2.05
"Florida 2012 NA, bid 21",1.9523809523809523
"Florida 2012 NA, bid 22",1.8636363636363635
"Florida 2012 NA, bid 23",1.7826086956521738
"Florida 2012 NA, bid 24",1.7083333333333333
"Florida 2012 NA, bid 25",1.64
"Florida 2012 NA, bid 26",1.5769230769230769
"Florida 2012 NA, bid 27",1.5185185185185186
"Florida 2012 democrat, bid 1",4523451.0
"Florida 2012 democrat, bid 2",2261725.5
"Florida 2012 democrat, bid 3",1507817.0
"Florida 2012 democrat, bid 4",1130862.75
"Florida 2012 democrat, bid 5",904690.2
"Florida 2012 democrat, bid 6",753908.5
"Florida 2012 democrat, bid 7",646207.2857142857
"Florida 2012 democrat, bid 8",565431.375
"Florida 2012 democrat, bid 9",502605.6666666667
"Florida 2012 democrat, bid 10",452345.1
"Florida 2012 democrat, bid 11",411222.8181818182
"Florida 2012 democrat, bid 12",376954.25
"Florida 2012 democrat, bid 13",347957.76923076925
"Florida 2012 democrat, bid 14",323103.64285714284
"Florida 2012 democrat, bid 15",301563.4
"Florida 2012 democrat, bid 16",282715.6875
"Florida 2012 democrat, bid 17",266085.35294117645
"Florida 2012 democrat, bid 18",251302.83333333334
"Florida 2012 democrat, bid 19",238076.36842105264
"Florida 2012 democrat, bid 20",226172.55
"Florida 2012 democrat, bid 21",215402.42857142858
"Florida 2012 democrat, bid 22",205611.4090909091
"Florida 2012 democrat, bid 23",196671.78260869565
"Florida 2012 democrat, bid 24",188477.125
"Florida 2012 democrat, bid 25",180938.04
"Florida 2012 democrat, bid 26",173978.88461538462
"Florida 2012 democrat, bid 27",167535.22222222222
"Florida 2012 none, bid 1",208168.0
"Florida 2012 none, bid 2",104084.0
"Florida 2012 none, bid 3",69389.33333333333
"Florida 2012 none, bid 4",52042.0
"Florida 2012 none, bid 5",41633.6
"Florida 2012 none, bid 6",34694.666666666664
"Florida 2012 none, bid 7",29738.285714285714
"Florida 2012 none, bid 8",26021.0
"Florida 2012 none, bid 9",23129.777777777777
"Florida 2012 none, bid 10",20816.8
"Florida 2012 none, bid 11",18924.363636363636
"Florida 2012 none, bid 12",17347.333333333332
"Florida 2012 none, bid 13",16012.923076923076
"Florida 2012 none, bid 14",14869.142857142857
"Florida 2012 none, bid 15",13877.866666666667
"Florida 2012 none, bid 16",13010.5
"Florida 2012 none, bid 17",12245.176470588236
"Florida 2012 none, bid 18",11564.888888888889
"Florida 2012 none, bid 19",10956.21052631579
"Florida 2012 none, bid 20",10408.4
"Florida 2012 none, bid 21",9912.761904761905
"Florida 2012 none, bid 22",9462.181818181818
"Florida 2012 none, bid 23",9050.782608695652
"Florida 2012 none, bid 24",8673.666666666666
"Florida 2012 none, bid 25",8326.72
"Florida 2012 none, bid 26",8006.461538461538
"Florida 2012 none, bid 27",7709.925925925926
"Florida 2012 republican, bid 1",3458267.0
"Florida 2012 republican, bid 2",1729133.5
"Florida 2012 republican, bid 3",1152755.6666666667
"Florida 2012 republican, bid 4",864566.75
"Florida 2012 republican, bid 5",691653.4
"Florida 2012 republican, bid 6",576377.8333333334
"Florida 2012 republican, bid 7",494038.14285714284
"Florida 2012 republican, bid 8",432283.375
"Florida 2012 republican, bid 9",384251.8888888889
"Florida 2012 republican, bid 10",345826.7
"Florida 2012 republican, bid 11",314387.9090909091
"Florida 2012 republican, bid 12",288188.9166666667
"Florida 2012 republican, bid 13",266020.53846153844
"Florida 2012 republican, bid 14",247019.07142857142
"Florida 2012 republican, bid 15",230551.13333333333
"Florida 2012 republican, bid 16",216141.6875
"Florida 2012 republican, bid 17",203427.4705882353
"Florida 2012 republican, bid 18",192125.94444444444
"Florida 2012 republican, bid 19",182014.05263157896
"Florida 2012 republican, bid 20",172913.35
"Florida 2012 republican, bid 21",164679.38095238095
"Florida 2012 republican, bid 22",157193.95454545456
"Florida 2012 republican, bid 23",150359.4347826087
"Florida 2012 republican, bid 24",144094.45833333334
"Florida 2012 republican, bid 25",138330.68
"Florida 2012 republican, bid 26",133010.26923076922
"Florida 2012 republican, bid 27",128083.96296296296
"Hawaii 2012 , bid 1",6676.0
"Hawaii 2012 , bid 2",3338.0
"Hawaii 2012 democrat, bid 1",269489.0
"Hawaii 2012 democrat, bid 2",134744.5
"Hawaii 2012 republican, bid 1",160994.0
"Hawaii 2012 republican, bid 2",80497.0
"Indiana 2012 NA, bid 1",18.0
"Indiana 2012 NA, bid 2",9.0
"Indiana 2012 NA, bid 3",6.0
"Indiana 2012 NA, bid 4",4.5
"Indiana 2012 NA, bid 5",3.6
"Indiana 2012 NA, bid 6",3.0
"Indiana 2012 NA, bid 7",2.5714285714285716
"Indiana 2012 NA, bid 8",2.25
"Indiana 2012 NA, bid 9",2.0
"Indiana 2012 democrat, bid 1",1281181.0
"Indiana 2012 democrat, bid 2",640590.5
"Indiana 2012 democrat, bid 3",427060.3333333333
"Indiana 2012 democrat, bid 4",320295.25
"Indiana 2012 democrat, bid 5",256236.2
"Indiana 2012 democrat, bid 6",213530.16666666666
"Indiana 2012 democrat, bid 7",183025.85714285713
"Indiana 2012 democrat, bid 8",160147.625
"Indiana 2012 democrat, bid 9",142353.44444444444
"Indiana 2012 libertarian, bid 1",145282.0
"Indiana 2012 libertarian, bid 2",72641.0
"Indiana 2012 libertarian, bid 3",48427.333333333336
"Indiana 2012 libertarian, bid 4",36320.5
"Indiana 2012 libertarian, bid 5",29056.4
"Indiana 2012 libertarian, bid 6",24213.666666666668
"Indiana 2012 libertarian, bid 7",20754.571428571428
"Indiana 2012 libertarian, bid 8",18160.25
"Indiana 2012 libertarian, bid 9",16142.444444444445
"Indiana 2012 republican, bid 1",1133621.0
"Indiana 2012 republican, bid 2",566810.5
"Indiana 2012 republican, bid 3",377873.6666666667
"Indiana 2012 republican, bid 4",283405.25
"Indiana 2012 republican, bid 5",226724.2
"Indiana 2012 republican, bid 6",188936.83333333334
"Indiana 2012 republican, bid 7",161945.85714285713
"Indiana 2012 republican, bid 8",141702.625
"Indiana 2012 republican, bid 9",125957.88888888889
"Maine 2012 , bid 1",40217.0
"Maine 2012 , bid 2",20108.5
"Maine 2012 Independent for Liberty, bid 1",5624.0
"Maine 2012 Independent for Liberty, bid 2",2812.0
"Maine 2012 democrat, bid 1",92900.0
"Maine 2012 democrat, bid 2",46450.0
"Maine 2012 independent for Maine, bid 1",370580.0
"Maine 2012 independent for Maine, bid 2",185290.0
"Maine 2012 republican, bid 1",215399.0
"Maine 2012 republican, bid 2",107699.5
"Maryland 2012 NA, bid 1",2729.0
"Maryland 2012 NA, bid 2",1364.5
"Maryland 2012 NA, bid 3",909.6666666666666
"Maryland 2012 NA, bid 4",682.25
"Maryland 2012 NA, bid 5",545.8
"Maryland 2012 NA, bid 6",454.8333333333333
"Maryland 2012 NA, bid 7",389.85714285714283
"Maryland 2012 NA, bid 8",341.125
"Maryland 2012 democrat, bid 1",1474028.0
"Maryland 2012 democrat, bid 2",737014.0
"Maryland 2012 democrat, bid 3",491342.6666666667
"Maryland 2012 democrat, bid 4",368507.0
"Maryland 2012 democrat, bid 5",294805.6
"Maryland 2012 democrat, bid 6",245671.33333333334
"Maryland 2012 democrat, bid 7",210575.42857142858
"Maryland 2012 democrat, bid 8",184253.5
"Maryland 2012 libertarian, bid 1",32252.0
"Maryland 2012 libertarian, bid 2",16126.0
"Maryland 2012 libertarian, bid 3",10750.666666666666
"Maryland 2012 libertarian, bid 4",8063.0
"Maryland 2012 libertarian, bid 5",6450.4
"Maryland 2012 libertarian, bid 6",5375.333333333333
"Maryland 2012 libertarian, bid 7",4607.428571428572
"Maryland 2012 libertarian, bid 8",4031.5
"Maryland 2012 none, bid 1",430934.0
"Maryland 2012 none, bid 2",215467.0
"Maryland 2012 none, bid 3",143644.66666666666
"Maryland 2012 none, bid 4",107733.5
"Maryland 2012 none, bid 5",86186.8
"Maryland 2012 none, bid 6",71822.33333333333
"Maryland 2012 none, bid 7",61562.0
"Maryland 2012 none, bid 8",53866.75
"Maryland 2012 republican, bid 1",693291.0
"Maryland 2012 republican, bid 2",346645.5
"Maryland 2012 republican, bid 3",231097.0
"Maryland 2012 republican, bid 4",173322.75
"Maryland 2012 republican, bid 5",138658.2
"Maryland 2012 republican, bid 6",115548.5
"Maryland 2012 republican, bid 7",99041.57142857143
"Maryland 2012 republican, bid 8",86661.375
"Massachusetts 2012 , bid 1",29802.0
"Massachusetts 2012 , bid 2",14901.0
"Massachusetts 2012 , bid 3",9934.0
"Massachusetts 2012 , bid 4",7450.5
"Massachusetts 2012 , bid 5",5960.4
"Massachusetts 2012 , bid 6",4967.0
"Massachusetts 2012 , bid 7",4257.428571428572
"Massachusetts 2012 , bid 8",3725.25
"Massachusetts 2012 , bid 9",3311.3333333333335
"Massachusetts 2012 democrat, bid 1",1696346.0
"Massachusetts 2012 democrat, bid 2",848173.0
"Massachusetts 2012 democrat, bid 3",565448.6666666666
"Massachusetts 2012 democrat, bid 4",424086.5
"Massachusetts 2012 democrat, bid 5",339269.2
"Massachusetts 2012 democrat, bid 6",282724.3333333333
"Massachusetts 2012 democrat, bid 7",242335.14285714287
"Massachusetts 2012 democrat, bid 8",212043.25
"Massachusetts 2012 democrat, bid 9",188482.88888888888
"Massachusetts 2012 republican, bid 1",1458048.0
"Massachusetts 2012 republican, bid 2",729024.0
"Massachusetts 2012 republican, bid 3",486016.0
"Massachusetts 2012 republican, bid 4",364512.0
"Massachusetts 2012 republican, bid 5",291609.6
"Massachusetts 2012 republican, bid 6",243008.0
"Massachusetts 2012 republican, bid 7",208292.57142857142
"Massachusetts 2012 republican, bid 8",182256.0
"Massachusetts 2012 republican, bid 9",162005.33333333334
"Michigan 2012 NA, bid 1",69.0
"Michigan 2012 NA, bid 2",34.5
"Michigan 2012 NA, bid 3",23.0
"Michigan 2012 NA, bid 4",17.25
"Michigan 2012 NA, bid 5",13.8
"Michigan 2012 NA, bid 6",11.5
"Michigan 2012 NA, bid 7",9.857142857142858
"Michigan 2012 NA, bid 8",8.625
"Michigan 2012 NA, bid 9",7.666666666666667
"Michigan 2012 NA, bid 10",6.9
"Michigan 2012 NA, bid 11",6.2727272727272725
"Michigan 2012 NA, bid 12",5.75
"Michigan 2012 NA, bid 13",5.3076923076923075
"Michigan 2012 NA, bid 14",4.928571428571429
"Michigan 2012 democrat, bid 1",2735826.0
"Michigan 2012 democrat, bid 2",1367913.0
"Michigan 2012 democrat, bid 3",911942.0
"Michigan 2012 democrat, bid 4",683956.5
"Michigan 2012 democrat, bid 5",547165.2
"Michigan 2012 democrat, bid 6",455971.0
"Michigan 2012 democrat, bid 7",390832.28571428574
"Michigan 2012 democrat, bid 8",341978.25
"Michigan 2012 democrat, bid 9",303980.6666666667
"Michigan 2012 democrat, bid 10",273582.6
"Michigan 2012 democrat, bid 11",248711.45454545456
"Michigan 2012 democrat, bid 12",227985.5
"Michigan 2012 democrat, bid 13",210448.15384615384
"Michigan 2012 democrat, bid 14",195416.14285714287
"Michigan 2012 green, bid 1",27890.0
"Michigan 2012 green, bid 2",13945.0
"Michigan 2012 green, bid 3",9296.666666666666
"Michigan 2012 green, bid 4",6972.5
"Michigan 2012 green, bid 5",5578.0
"Michigan 2012 green, bid 6",4648.333333333333
"Michigan 2012 green, bid 7",3984.285714285714
"Michigan 2012 green, bid 8",3486.25
"Michigan 2012 green, bid 9",3098.8888888888887
"Michigan 2012 green, bid 10",2789.0
"Michigan 2012 green, bid 11",2535.4545454545455
"Michigan 2012 green, bid 12",2324.1666666666665
"Michigan 2012 green, bid 13",2145.3846153846152
"Michigan 2012 green, bid 14",1992.142857142857
"Michigan 2012 libertarian, bid 1",84480.0
"Michigan 2012 libertarian, bid 2",42240.0
"Michigan 2012 libertarian, bid 3",28160.0
"Michigan 2012 libertarian, bid 4",21120.0
"Michigan 2012 libertarian, bid 5",16896.0
"Michigan 2012 libertarian, bid 6",14080.0
"Michigan 2012 libertarian, bid 7",12068.57142857143
"Michigan 2012 libertarian, bid 8",10560.0
"Michigan 2012 libertarian, bid 9",9386.666666666666
"Michigan 2012 libertarian, bid 10",8448.0
"Michigan 2012 libertarian, bid 11",7680.0
"Michigan 2012 libertarian, bid 12",7040.0
"Michigan 2012 libertarian, bid 13",6498.461538461538
"Michigan 2012 libertarian, bid 14",6034.285714285715
"Michigan 2012 natural law, bid 1",11229.0
"Michigan 2012 natural law, bid 2",5614.5
"Michigan 2012 natural law, bid 3",3743.0
"Michigan 2012 natural law, bid 4",2807.25
"Michigan 2012 natural law, bid 5",2245.8
"Michigan 2012 natural law, bid 6",1871.5
"Michigan 2012 natural law, bid 7",1604.142857142857
"Michigan 2012 natural law, bid 8",1403.625
"Michigan 2012 natural law, bid 9",1247.6666666666667
"Michigan 2012 natural law, bid 10",1122.9
"Michigan 2012 natural law, bid 11",1020.8181818181819
"Michigan 2012 natural law, bid 12",935.75
"Michigan 2012 natural law, bid 13",863.7692307692307
"Michigan 2012 natural law, bid 14",802.0714285714286
"Michigan 2012 republican, bid 1",1767386.0
"Michigan 2012 republican, bid 2",883693.0
"Michigan 2012 republican, bid 3",589128.6666666666
"Michigan 2012 republican, bid 4",441846.5
"Michigan 2012 republican, bid 5",353477.2
"Michigan 2012 republican, bid 6",294564.3333333333
"Michigan 2012 republican, bid 7",252483.7142857143
"Michigan 2012 republican, bid 8",220923.25
"Michigan 2012 republican, bid 9",196376.22222222222
"Michigan 2012 republican, bid 10",176738.6
"Michigan 2012 republican, bid 11",160671.45454545456
"Michigan 2012 republican, bid 12",147282.16666666666
"Michigan 2012 republican, bid 13",135952.76923076922
"Michigan 2012 republican, bid 14",126241.85714285714
"Michigan 2012 u.s. taxpayers, bid 1",26038.0
"Michigan 2012 u.s. taxpayers, bid 2",13019.0
"Michigan 2012 u.s. taxpayers, bid 3",8679.333333333334
"Michigan 2012 u.s. taxpayers, bid 4",6509.5
"Michigan 2012 u.s. taxpayers, bid 5",5207.6
"Michigan 2012 u.s. taxpayers, bid 6",4339.666666666667
"Michigan 2012 u.s. taxpayers, bid 7",3719.714285714286
"Michigan 2012 u.s. taxpayers, bid 8",3254.75
"Michigan 2012 u.s. taxpayers, bid 9",2893.1111111111113
"Michigan 2012 u.s. taxpayers, bid 10",2603.8
"Michigan 2012 u.s. taxpayers, bid 11",2367.090909090909
"Michigan 2012 u.s. taxpayers, bid 12",2169.8333333333335
"Michigan 2012 u.s. taxpayers, bid 13",2002.923076923077
"Michigan 2012 u.s. taxpayers, bid 14",1859.857142857143
"Minnesota 2012 NA, bid 1",2582.0
"Minnesota 2012 NA, bid 2",1291.0
"Minnesota 2012 NA, bid 3",860.6666666666666
"Minnesota 2012 NA, bid 4",645.5
"Minnesota 2012 NA, bid 5",516.4
"Minnesota 2012 NA, bid 6",430.3333333333333
"Minnesota 2012 NA, bid 7",368.85714285714283
"Minnesota 2012 NA, bid 8",322.75
"Minnesota 2012 democrat, bid 1",1854595.0
"Minnesota 2012 democrat, bid 2",927297.5
"Minnesota 2012 democrat, bid 3",618198.3333333334
"Minnesota 2012 democrat, bid 4",463648.75
"Minnesota 2012 democrat, bid 5",370919.0
"Minnesota 2012 democrat, bid 6",309099.1666666667
"Minnesota 2012 democrat, bid 7",264942.14285714284
"Minnesota 2012 democrat, bid 8",231824.375
"Minnesota 2012 grassroots party, bid 1",30531.0
"Minnesota 2012 grassroots party, bid 2",15265.5
"Minnesota 2012 grassroots party, bid 3",10177.0
"Minnesota 2012 grassroots party, bid 4",7632.75
"Minnesota 2012 grassroots party, bid 5",6106.2
"Minnesota 2012 grassroots party, bid 6",5088.5
"Minnesota 2012 grassroots party, bid 7",4361.571428571428
"Minnesota 2012 grassroots party, bid 8",3816.375
"Minnesota 2012 independence, bid 1",73539.0
"Minnesota 2012 independence, bid 2",36769.5
"Minnesota 2012 independence, bid 3",24513.0
"Minnesota 2012 independence, bid 4",18384.75
"Minnesota 2012 independence, bid 5",14707.8
"Minnesota 2012 independence, bid 6",12256.5
"Minnesota 2012 independence, bid 7",10505.57142857143
"Minnesota 2012 independence, bid 8",9192.375
"Minnesota 2012 minnesota open progressives, bid 1",13986.0
"Minnesota 2012 minnesota open progressives, bid 2",6993.0
"Minnesota 2012 minnesota open progressives, bid 3",4662.0
"Minnesota 2012 minnesota open progressives, bid 4",3496.5
"Minnesota 2012 minnesota open progressives, bid 5",2797.2
"Minnesota 2012 minnesota open progressives, bid 6",2331.0
"Minnesota 2012 minnesota open progressives, bid 7",1998.0
"Minnesota 2012 minnesota open progressives, bid 8",1748.25
"Minnesota 2012 republican, bid 1",867974.0
"Minnesota 2012 republican, bid 2",433987.0
"Minnesota 2012 republican, bid 3",289324.6666666667
"Minnesota 2012 republican, bid 4",216993.5
"Minnesota 2012 republican, bid 5",173594.8
"Minnesota 2012 republican, bid 6",144662.33333333334
"Minnesota 2012 republican, bid 7",123996.28571428571
"Minnesota 2012 republican, bid 8",108496.75
"Mississippi 2012 constitution, bid 1",15281.0
"Mississippi 2012 constitution, bid 2",7640.5
"Mississippi 2012 constitution, bid 3",5093.666666666667
"Mississippi 2012 constitution, bid 4",3820.25
"Mississippi 2012 democrat, bid 1",503467.0
"Mississippi 2012 democrat, bid 2",251733.5
"Mississippi 2012 democrat, bid 3",167822.33333333334
"Mississippi 2012 democrat, bid 4",125866.75
"Mississippi 2012 reform, bid 1",13194.0
"Mississippi 2012 reform, bid 2",6597.0
"Mississippi 2012 reform, bid 3",4398.0
"Mississippi 2012 reform, bid 4",3298.5
"Mississippi 2012 republican, bid 1",709626.0
"Mississippi 2012 republican, bid 2",354813.0
"Mississippi 2012 republican, bid 3",236542.0
"Mississippi 2012 republican, bid 4",177406.5
"Missouri 2012 NA, bid 1",41.0
"Missouri 2012 NA, bid 2",20.5
"Missouri 2012 NA, bid 3",13.666666666666666
"Missouri 2012 NA, bid 4",10.25
"Missouri 2012 NA, bid 5",8.2
"Missouri 2012 NA, bid 6",6.833333333333333
"Missouri 2012 NA, bid 7",5.857142857142857
"Missouri 2012 NA, bid 8",5.125
"Missouri 2012 democrat, bid 1",1494125.0
"Missouri 2012 democrat, bid 2",747062.5
"Missouri 2012 democrat, bid 3",498041.6666666667
"Missouri 2012 democrat, bid 4",373531.25
"Missouri 2012 democrat, bid 5",298825.0
"Missouri 2012 democrat, bid 6",249020.83333333334
"Missouri 2012 democrat, bid 7",213446.42857142858
"Missouri 2012 democrat, bid 8",186765.625
"Missouri 2012 libertarian, bid 1",165468.0
"Missouri 2012 libertarian, bid 2",82734.0
"Missouri 2012 libertarian, bid 3",55156.0
"Missouri 2012 libertarian, bid 4",41367.0
"Missouri 2012 libertarian, bid 5",33093.6
"Missouri 2012 libertarian, bid 6",27578.0
"Missouri 2012 libertarian, bid 7",23638.285714285714
"Missouri 2012 libertarian, bid 8",20683.5
"Missouri 2012 republican, bid 1",1066159.0
"Missouri 2012 republican, bid 2",533079.5
"Missouri 2012 republican, bid 3",355386.3333333333
"Missouri 2012 republican, bid 4",266539.75
"Missouri 2012 republican, bid 5",213231.8
"Missouri 2012 republican, bid 6",177693.16666666666
"Missouri 2012 republican, bid 7",152308.42857142858
"Missouri 2012 republican, bid 8",133269.875
"Montana 2012 democrat, bid 1",236123.0
"Montana 2012 libertarian, bid 1",31892.0
"Montana 2012 republican, bid 1",218051.0
"Nebraska 2012 democrat, bid 1",332979.0
"Nebraska 2012 democrat, bid 2",166489.5
"Nebraska 2012 democrat, bid 3",110993.0
"Nebraska 2012 republican, bid 1",455593.0
"Nebraska 2012 republican, bid 2",227796.5
"Nebraska 2012 republican, bid 3",151864.33333333334
"Nevada 2012 , bid 1",45277.0
"Nevada 2012 , bid 2",22638.5
"Nevada 2012 , bid 3",15092.333333333334
"Nevada 2012 , bid 4",11319.25
"Nevada 2012 democrat, bid 1",446080.0
"Nevada 2012 democrat, bid 2",223040.0
"Nevada 2012 democrat, bid 3",148693.33333333334
"Nevada 2012 democrat, bid 4",111520.0
"Nevada 2012 independent american, bid 1",48792.0
"Nevada 2012 independent american, bid 2",24396.0
"Nevada 2012 independent american, bid 3",16264.0
"Nevada 2012 independent american, bid 4",12198.0
"Nevada 2012 republican, bid 1",457656.0
"Nevada 2012 republican, bid 2",228828.0
"Nevada 2012 republican, bid 3",152552.0
"Nevada 2012 republican, bid 4",114414.0
"New Jersey 2012 america first, bid 1",3593.0
"New Jersey 2012 america first, bid 2",1796.5
"New Jersey 2012 america first, bid 3",1197.6666666666667
"New Jersey 2012 america first, bid 4",898.25
"New Jersey 2012 america first, bid 5",718.6
"New Jersey 2012 america first, bid 6",598.8333333333334
"New Jersey 2012 america first, bid 7",513.2857142857143
"New Jersey 2012 america first, bid 8",449.125
"New Jersey 2012 america first, bid 9",399.22222222222223
"New Jersey 2012 america first, bid 10",359.3
"New Jersey 2012 america first, bid 11",326.6363636363636
"New Jersey 2012 america first, bid 12",299.4166666666667
"New Jersey 2012 democrat, bid 1",1987680.0
"New Jersey 2012 democrat, bid 2",993840.0
"New Jersey 2012 democrat, bid 3",662560.0
"New Jersey 2012 democrat, bid 4",496920.0
"New Jersey 2012 democrat, bid 5",397536.0
"New Jersey 2012 democrat, bid 6",331280.0
"New Jersey 2012 democrat, bid 7",283954.28571428574
"New Jersey 2012 democrat, bid 8",248460.0
"New Jersey 2012 democrat, bid 9",220853.33333333334
"New Jersey 2012 democrat, bid 10",198768.0
"New Jersey 2012 democrat, bid 11",180698.18181818182
"New Jersey 2012 democrat, bid 12",165640.0
"New Jersey 2012 green, bid 1",15801.0
"New Jersey 2012 green, bid 2",7900.5
"New Jersey 2012 green, bid 3",5267.0
"New Jersey 2012 green, bid 4",3950.25
"New Jersey 2012 green, bid 5",3160.2
"New Jersey 2012 green, bid 6",2633.5
"New Jersey 2012 green, bid 7",2257.285714285714
"New Jersey 2012 green, bid 8",1975.125
"New Jersey 2012 green, bid 9",1755.6666666666667
"New Jersey 2012 green, bid 10",1580.1
"New Jersey 2012 green, bid 11",1436.4545454545455
"New Jersey 2012 green, bid 12",1316.75
"New Jersey 2012 jersey strong independents, bid 1",9359.0
"New Jersey 2012 jersey strong independents, bid 2",4679.5
"New Jersey 2012 jersey strong independents, bid 3",3119.6666666666665
"New Jersey 2012 jersey strong independents, bid 4",2339.75
"New Jersey 2012 jersey strong independents, bid 5",1871.8
"New Jersey 2012 jersey strong independents, bid 6",1559.8333333333333
"New Jersey 2012 jersey strong independents, bid 7",1337.0
"New Jersey 2012 jersey strong independents, bid 8",1169.875
"New Jersey 2012 jersey strong independents, bid 9",1039.888888888889
"New Jersey 2012 jersey strong independents, bid 10",935.9
"New Jersey 2012 jersey strong independents, bid 11",850.8181818181819
"New Jersey 2012 jersey strong independents, bid 12",779.9166666666666
"New Jersey 2012 libertarian, bid 1",16803.0
"New Jersey 2012 libertarian, bid 2",8401.5
"New Jersey 2012 libertarian, bid 3",5601.0
"New Jersey 2012 libertarian, bid 4",4200.75
"New Jersey 2012 libertarian, bid 5",3360.6
"New Jersey 2012 libertarian, bid 6",2800.5
"New Jersey 2012 libertarian, bid 7",2400.4285714285716
"New Jersey 2012 libertarian, bid 8",2100.375
"New Jersey 2012 libertarian, bid 9",1867.0
"New Jersey 2012 libertarian, bid 10",1680.3
"New Jersey 2012 libertarian, bid 11",1527.5454545454545
"New Jersey 2012 libertarian, bid 12",1400.25
"New Jersey 2012 no slogan, bid 1",2198.0
"New Jersey 2012 no slogan, bid 2",1099.0
"New Jersey 2012 no slogan, bid 3",732.6666666666666
"New Jersey 2012 no slogan, bid 4",549.5
"New Jersey 2012 no slogan, bid 5",439.6
"New Jersey 2012 no slogan, bid 6",366.3333333333333
"New Jersey 2012 no slogan, bid 7",314.0
"New Jersey 2012 no slogan, bid 8",274.75
"New Jersey 2012 no slogan, bid 9",244.22222222222223
"New Jersey 2012 no slogan, bid 10",219.8
"New Jersey 2012 no slogan, bid 11",199.8181818181818
"New Jersey 2012 no slogan, bid 12",183.16666666666666
"New Jersey 2012 reform nation, bid 1",2066.0
"New Jersey 2012 reform nation, bid 2",1033.0
"New Jersey 2012 reform nation, bid 3",688.6666666666666
"New Jersey 2012 reform nation, bid 4",516.5
"New Jersey 2012 reform nation, bid 5",413.2
"New Jersey 2012 reform nation, bid 6",344.3333333333333
"New Jersey 2012 reform nation, bid 7",295.14285714285717
"New Jersey 2012 reform nation, bid 8",258.25
"New Jersey 2012 reform nation, bid 9",229.55555555555554
"New Jersey 2012 reform nation, bid 10",206.6
"New Jersey 2012 reform nation, bid 11",187.8181818181818
"New Jersey 2012 reform nation, bid 12",172.16666666666666
"New Jersey 2012 republican, bid 1",1329534.0
"New Jersey 2012 republican, bid 2",664767.0
"New Jersey 2012 republican, bid 3",443178.0
"New Jersey 2012 republican, bid 4",332383.5
"New Jersey 2012 republican, bid 5",265906.8
"New Jersey 2012 republican, bid 6",221589.0
"New Jersey 2012 republican, bid 7",189933.42857142858
"New Jersey 2012 republican, bid 8",166191.75
"New Jersey 2012 republican, bid 9",147726.0
"New Jersey 2012 republican, bid 10",132953.4
"New Jersey 2012 republican, bid 11",120866.72727272728
"New Jersey 2012 republican, bid 12",110794.5
"New Jersey 2012 responsibility fairness integrity, bid 1",3532.0
"New Jersey 2012 responsibility fairness integrity, bid 2",1766.0
"New Jersey 2012 responsibility fairness integrity, bid 3",1177.3333333333333
"New Jersey 2012 responsibility fairness integrity, bid 4",883.0
"New Jersey 2012 responsibility fairness integrity, bid 5",706.4
"New Jersey 2012 responsibility fairness integrity, bid 6",588.6666666666666
"New Jersey 2012 responsibility fairness integrity, bid 7",504.57142857142856
"New Jersey 2012 responsibility fairness integrity, bid 8",441.5
"New Jersey 2012 responsibility fairness integrity, bid 9",392.44444444444446
"New Jersey 2012 responsibility fairness integrity, bid 10",353.2
"New Jersey 2012 responsibility fairness integrity, bid 11",321.09090909090907
"New Jersey 2012 responsibility fairness integrity, bid 12",294.3333333333333
"New Jersey 2012 socialist party usa, bid 1",2249.0
"New Jersey 2012 socialist party usa, bid 2",1124.5
"New Jersey 2012 socialist party usa, bid 3",749.6666666666666
"New Jersey 2012 socialist party usa, bid 4",562.25
"New Jersey 2012 socialist party usa, bid 5",449.8
"New Jersey 2012 socialist party usa, bid 6",374.8333333333333
"New Jersey 2012 socialist party usa, bid 7",321.2857142857143
"New Jersey 2012 socialist party usa, bid 8",281.125
"New Jersey 2012 socialist party usa, bid 9",249.88888888888889
"New Jersey 2012 socialist party usa, bid 10",224.9
"New Jersey 2012 socialist party usa, bid 11",204.45454545454547
"New Jersey 2012 socialist party usa, bid 12",187.41666666666666
"New Jersey 2012 totally independent candidate, bid 1",3834.0
"New Jersey 2012 totally independent candidate, bid 2",1917.0
"New Jersey 2012 totally independent candidate, bid 3",1278.0
"New Jersey 2012 totally independent candidate, bid 4",958.5
"New Jersey 2012 totally independent candidate, bid 5",766.8
"New Jersey 2012 totally independent candidate, bid 6",639.0
"New Jersey 2012 totally independent candidate, bid 7",547.7142857142857
"New Jersey 2012 totally independent candidate, bid 8",479.25
"New Jersey 2012 totally independent candidate, bid 9",426.0
"New Jersey 2012 totally independent candidate, bid 10",383.4
"New Jersey 2012 totally independent candidate, bid 11",348.54545454545456
"New Jersey 2012 totally independent candidate, bid 12",319.5
"New Mexico 2012 NA, bid 1",617.0
"New Mexico 2012 NA, bid 2",308.5
"New Mexico 2012 NA, bid 3",205.66666666666666
"New Mexico 2012 democrat, bid 1",395717.0
"New Mexico 2012 democrat, bid 2",197858.5
"New Mexico 2012 democrat, bid 3",131905.66666666666
"New Mexico 2012 independent american, bid 1",28199.0
"New Mexico 2012 independent american, bid 2",14099.5
"New Mexico 2012 independent american, bid 3",9399.666666666666
"New Mexico 2012 republican, bid 1",351260.0
"New Mexico 2012 republican, bid 2",175630.0
"New Mexico 2012 republican, bid 3",117086.66666666667
"New York 2012 , bid 1",455963.0
"New York 2012 , bid 2",227981.5
"New York 2012 , bid 3",151987.66666666666
"New York 2012 , bid 4",113990.75
"New York 2012 , bid 5",91192.6
"New York 2012 , bid 6",75993.83333333333
"New York 2012 , bid 7",65137.57142857143
"New York 2012 , bid 8",56995.375
"New York 2012 , bid 9",50662.555555555555
"New York 2012 , bid 10",45596.3
"New York 2012 , bid 11",41451.181818181816
"New York 2012 , bid 12",37996.916666666664
"New York 2012 , bid 13",35074.07692307692
"New York 2012 , bid 14",32568.785714285714
"New York 2012 , bid 15",30397.533333333333
"New York 2012 , bid 16",28497.6875
"New York 2012 , bid 17",26821.352941176472
"New York 2012 , bid 18",25331.277777777777
"New York 2012 , bid 19",23998.052631578947
"New York 2012 , bid 20",22798.15
"New York 2012 , bid 21",21712.52380952381
"New York 2012 , bid 22",20725.590909090908
"New York 2012 , bid 23",19824.478260869564
"New York 2012 , bid 24",18998.458333333332
"New York 2012 , bid 25",18238.52
"New York 2012 , bid 26",17537.03846153846
"New York 2012 , bid 27",16887.51851851852
"New York 2012 common sense, bid 1",21985.0
"New York 2012 common sense, bid 2",10992.5
"New York 2012 common sense, bid 3",7328.333333333333
"New York 2012 common sense, bid 4",5496.25
"New York 2012 common sense, bid 5",4397.0
"New York 2012 common sense, bid 6",3664.1666666666665
"New York 2012 common sense, bid 7",3140.714285714286
"New York 2012 common sense, bid 8",2748.125
"New York 2012 common sense, bid 9",2442.777777777778
"New York 2012 common sense, bid 10",2198.5
"New York 2012 common sense, bid 11",1998.6363636363637
"New York 2012 common sense, bid 12",1832.0833333333333
"New York 2012 common sense, bid 13",1691.1538461538462
"New York 2012 common sense, bid 14",1570.357142857143
"New York 2012 common sense, bid 15",1465.6666666666667
"New York 2012 common sense, bid 16",1374.0625
"New York 2012 common sense, bid 17",1293.235294117647
"New York 2012 common sense, bid 18",1221.388888888889
"New York 2012 common sense, bid 19",1157.1052631578948
"New York 2012 common sense, bid 20",1099.25
"New York 2012 common sense, bid 21",1046.904761904762
"New York 2012 common sense, bid 22",999.3181818181819
"New York 2012 common sense, bid 23",955.8695652173913
"New York 2012 common sense, bid 24",916.0416666666666
"New York 2012 common sense, bid 25",879.4
"New York 2012 common sense, bid 26",845.5769230769231
"New York 2012 common sense, bid 27",814.2592592592592
"New York 2012 conservative, bid 1",240819.0
"New York 2012 conservative, bid 2",120409.5
"New York 2012 conservative, bid 3",80273.0
"New York 2012 conservative, bid 4",60204.75
"New York 2012 conservative, bid 5",48163.8
"New York 2012 conservative, bid 6",40136.5
"New York 2012 conservative, bid 7",34402.71428571428
"New York 2012 conservative, bid 8",30102.375
"New York 2012 conservative, bid 9",26757.666666666668
"New York 2012 conservative, bid 10",24081.9
"New York 2012 conservative, bid 11",21892.636363636364
"New York 2012 conservative, bid 12",20068.25
"New York 2012 conservative, bid 13",18524.53846153846
"New York 2012 conservative, bid 14",17201.35714285714
"New York 2012 conservative, bid 15",16054.6
"New York 2012 conservative, bid 16",15051.1875
"New York 2012 conservative, bid 17",14165.823529411764
"New York 2012 conservative, bid 18",13378.833333333334
"New York 2012 conservative, bid 19",12674.684210526315
"New York 2012 conservative, bid 20",12040.95
"New York 2012 conservative, bid 21",11467.57142857143
"New York 2012 conservative, bid 22",10946.318181818182
"New York 2012 conservative, bid 23",10470.391304347826
"New York 2012 conservative, bid 24",10034.125
"New York 2012 conservative, bid 25",9632.76
"New York 2012 conservative, bid 26",9262.26923076923
"New York 2012 conservative, bid 27",8919.222222222223
"New York 2012 democrat, bid 1",4420043.0
"New York 2012 democrat, bid 2",2210021.5
"New York 2012 democrat, bid 3",1473347.6666666667
"New York 2012 democrat, bid 4",1105010.75
"New York 2012 democrat, bid 5",884008.6
"New York 2012 democrat, bid 6",736673.8333333334
"New York 2012 democrat, bid 7",631434.7142857143
"New York 2012 democrat, bid 8",552505.375
"New York 2012 democrat, bid 9",491115.8888888889
"New York 2012 democrat, bid 10",442004.3
"New York 2012 democrat, bid 11",401822.0909090909
"New York 2012 democrat, bid 12",368336.9166666667
"New York 2012 democrat, bid 13",340003.3076923077
"New York 2012 democrat, bid 14",315717.35714285716
"New York 2012 democrat, bid 15",294669.5333333333
"New York 2012 democrat, bid 16",276252.6875
"New York 2012 democrat, bid 17",260002.5294117647
"New York 2012 democrat, bid 18",245557.94444444444
"New York 2012 democrat, bid 19",232633.84210526315
"New York 2012 democrat, bid 20",221002.15
"New York 2012 democrat, bid 21",210478.2380952381
"New York 2012 democrat, bid 22",200911.04545454544
"New York 2012 democrat, bid 23",192175.78260869565
"New York 2012 democrat, bid 24",184168.45833333334
"New York 2012 democrat, bid 25",176801.72
"New York 2012 democrat, bid 26",170001.65384615384
"New York 2012 democrat, bid 27",163705.2962962963
"New York 2012 green, bid 1",42442.0
"New York 2012 green, bid 2",21221.0
"New York 2012 green, bid 3",14147.333333333334
"New York 2012 green, bid 4",10610.5
"New York 2012 green, bid 5",8488.4
"New York 2012 green, bid 6",7073.666666666667
"New York 2012 green, bid 7",6063.142857142857
"New York 2012 green, bid 8",5305.25
"New York 2012 green, bid 9",4715.777777777777
"New York 2012 green, bid 10",4244.2
"New York 2012 green, bid 11",3858.3636363636365
"New York 2012 green, bid 12",3536.8333333333335
"New York 2012 green, bid 13",3264.769230769231
"New York 2012 green, bid 14",3031.5714285714284
"New York 2012 green, bid 15",2829.4666666666667
"New York 2012 green, bid 16",2652.625
"New York 2012 green, bid 17",2496.5882352941176
"New York 2012 green, bid 18",2357.8888888888887
"New York 2012 green, bid 19",2233.7894736842104
"New York 2012 green, bid 20",2122.1
"New York 2012 green, bid 21",2021.047619047619
"New York 2012 green, bid 22",1929.1818181818182
"New York 2012 green, bid 23",1845.304347826087
"New York 2012 green, bid 24",1768.4166666666667
"New York 2012 green, bid 25",1697.68
"New York 2012 green, bid 26",1632.3846153846155
"New York 2012 green, bid 27",1571.9259259259259
"New York 2012 independence, bid 1",138255.0
"New York 2012 independence, bid 2",69127.5
"New York 2012 independence, bid 3",46085.0
"New York 2012 independence, bid 4",34563.75
"New York 2012 independence, bid 5",27651.0
"New York 2012 independence, bid 6",23042.5
"New York 2012 independence, bid 7",19750.714285714286
"New York 2012 independence, bid 8",17281.875
"New York 2012 independence, bid 9",15361.666666666666
"New York 2012 independence, bid 10",13825.5
"New York 2012 independence, bid 11",12568.636363636364
"New York 2012 independence, bid 12",11521.25
"New York 2012 independence, bid 13",10635.0
"New York 2012 independence, bid 14",9875.357142857143
"New York 2012 independence, bid 15",9217.0
"New York 2012 independence, bid 16",8640.9375
"New York 2012 independence, bid 17",8132.64705882353
"New York 2012 independence, bid 18",7680.833333333333
"New York 2012 independence, bid 19",7276.578947368421
"New York 2012 independence, bid 20",6912.75
"New York 2012 independence, bid 21",6583.571428571428
"New York 2012 independence, bid 22",6284.318181818182
"New York 2012 independence, bid 23",6011.086956521739
"New York 2012 independence, bid 24",5760.625
"New York 2012 independence, bid 25",5530.2
"New York 2012 independence, bid 26",5317.5
"New York 2012 independence, bid 27",5120.555555555556
"New York 2012 libertarian, bid 1",31894.0
"New York 2012 libertarian, bid 2",15947.0
"New York 2012 libertarian, bid 3",10631.333333333334
"New York 2012 libertarian, bid 4",7973.5
"New York 2012 libertarian, bid 5",6378.8
"New York 2012 libertarian, bid 6",5315.666666666667
"New York 2012 libertarian, bid 7",4556.285714285715
"New York 2012 libertarian, bid 8",3986.75
"New York 2012 libertarian, bid 9",3543.777777777778
"New York 2012 libertarian, bid 10",3189.4
"New York 2012 libertarian, bid 11",2899.4545454545455
"New York 2012 libertarian, bid 12",2657.8333333333335
"New York 2012 libertarian, bid 13",2453.3846153846152
"New York 2012 libertarian, bid 14",2278.1428571428573
"New York 2012 libertarian, bid 15",2126.266666666667
"New York 2012 libertarian, bid 16",1993.375
"New York 2012 libertarian, bid 17",1876.1176470588234
"New York 2012 libertarian, bid 18",1771.888888888889
"New York 2012 libertarian, bid 19",1678.6315789473683
"New York 2012 libertarian, bid 20",1594.7
"New York 2012 libertarian, bid 21",1518.7619047619048
"New York 2012 libertarian, bid 22",1449.7272727272727
"New York 2012 libertarian, bid 23",1386.695652173913
"New York 2012 libertarian, bid 24",1328.9166666666667
"New York 2012 libertarian, bid 25",1275.76
"New York 2012 libertarian, bid 26",1226.6923076923076
"New York 2012 libertarian, bid 27",1181.2592592592594
"New York 2012 republican, bid 1",1514647.0
"New York 2012 republican, bid 2",757323.5
"New York 2012 republican, bid 3",504882.3333333333
"New York 2012 republican, bid 4",378661.75
"New York 2012 republican, bid 5",302929.4
"New York 2012 republican, bid 6",252441.16666666666
"New York 2012 republican, bid 7",216378.14285714287
"New York 2012 republican, bid 8",189330.875
"New York 2012 republican, bid 9",168294.11111111112
"New York 2012 republican, bid 10",151464.7
"New York 2012 republican, bid 11",137695.18181818182
"New York 2012 republican, bid 12",126220.58333333333
"New York 2012 republican, bid 13",116511.30769230769
"New York 2012 republican, bid 14",108189.07142857143
"New York 2012 republican, bid 15",100976.46666666666
"New York 2012 republican, bid 16",94665.4375
"New York 2012 republican, bid 17",89096.88235294117
"New York 2012 republican, bid 18",84147.05555555556
"New York 2012 republican, bid 19",79718.26315789473
"New York 2012 republican, bid 20",75732.35
"New York 2012 republican, bid 21",72126.04761904762
"New York 2012 republican, bid 22",68847.59090909091
"New York 2012 republican, bid 23",65854.21739130435
"New York 2012 republican, bid 24",63110.291666666664
"New York 2012 republican, bid 25",60585.88
"New York 2012 republican, bid 26",58255.653846153844
"New York 2012 republican, bid 27",56098.03703703704
"New York 2012 working families, bid 1",250580.0
"New York 2012 working families, bid 2",125290.0
"New York 2012 working families, bid 3",83526.66666666667
"New York 2012 working families, bid 4",62645.0
"New York 2012 working families, bid 5",50116.0
"New York 2012 working families, bid 6",41763.333333333336
"New York 2012 working families, bid 7",35797.142857142855
"New York 2012 working families, bid 8",31322.5
"New York 2012 working families, bid 9",27842.222222222223
"New York 2012 working families, bid 10",25058.0
"New York 2012 working families, bid 11",22780.0
"New York 2012 working families, bid 12",20881.666666666668
"New York 2012 working families, bid 13",19275.384615384617
"New York 2012 working families, bid 14",17898.571428571428
"New York 2012 working families, bid 15",16705.333333333332
"New York 2012 working families, bid 16",15661.25
"New York 2012 working families, bid 17",14740.0
"New York 2012 working families, bid 18",13921.111111111111
"New York 2012 working families, bid 19",13188.421052631578
"New York 2012 working families, bid 20",12529.0
"New York 2012 working families, bid 21",11932.380952380952
"New York 2012 working families, bid 22",11390.0
"New York 2012 working families, bid 23",10894.782608695652
"New York 2012 working families, bid 24",10440.833333333334
"New York 2012 working families, bid 25",10023.2
"New York 2012 working families, bid 26",9637.692307692309
"New York 2012 working families, bid 27",9280.74074074074
"North Dakota 2012 NA, bid 1",1406.0
"North Dakota 2012 democrat, bid 1",161337.0
"North Dakota 2012 republican, bid 1",158401.0
"Ohio 2012 democrat, bid 1",2762690.0
"Ohio 2012 democrat, bid 2",1381345.0
"Ohio 2012 democrat, bid 3",920896.6666666666
"Ohio 2012 democrat, bid 4",690672.5
"Ohio 2012 democrat, bid 5",552538.0
"Ohio 2012 democrat, bid 6",460448.3333333333
"Ohio 2012 democrat, bid 7",394670.0
"Ohio 2012 democrat, bid 8",345336.25
"Ohio 2012 democrat, bid 9",306965.55555555556
"Ohio 2012 democrat, bid 10",276269.0
"Ohio 2012 democrat, bid 11",251153.63636363635
"Ohio 2012 democrat, bid 12",230224.16666666666
"Ohio 2012 democrat, bid 13",212514.61538461538
"Ohio 2012 democrat, bid 14",197335.0
"Ohio 2012 democrat, bid 15",184179.33333333334
"Ohio 2012 democrat, bid 16",172668.125
"Ohio 2012 independent, bid 1",250616.0
"Ohio 2012 independent, bid 2",125308.0
"Ohio 2012 independent, bid 3",83538.66666666667
"Ohio 2012 independent, bid 4",62654.0
"Ohio 2012 independent, bid 5",50123.2
"Ohio 2012 independent, bid 6",41769.333333333336
"Ohio 2012 independent, bid 7",35802.28571428572
"Ohio 2012 independent, bid 8",31327.0
"Ohio 2012 independent, bid 9",27846.222222222223
"Ohio 2012 independent, bid 10",25061.6
"Ohio 2012 independent, bid 11",22783.272727272728
"Ohio 2012 independent, bid 12",20884.666666666668
"Ohio 2012 independent, bid 13",19278.153846153848
"Ohio 2012 independent, bid 14",17901.14285714286
"Ohio 2012 independent, bid 15",16707.733333333334
"Ohio 2012 independent, bid 16",15663.5
"Ohio 2012 republican, bid 1",2435712.0
"Ohio 2012 republican, bid 2",1217856.0
"Ohio 2012 republican, bid 3",811904.0
"Ohio 2012 republican, bid 4",608928.0
"Ohio 2012 republican, bid 5",487142.4
"Ohio 2012 republican, bid 6",405952.0
"Ohio 2012 republican, bid 7",347958.85714285716
"Ohio 2012 republican, bid 8",304464.0
"Ohio 2012 republican, bid 9",270634.6666666667
"Ohio 2012 republican, bid 10",243571.2
"Ohio 2012 republican, bid 11",221428.36363636365
"Ohio 2012 republican, bid 12",202976.0
"Ohio 2012 republican, bid 13",187362.46153846153
"Ohio 2012 republican, bid 14",173979.42857142858
"Ohio 2012 republican, bid 15",162380.8
"Ohio 2012 republican, bid 16",152232.0
"Pennsylvania 2012 democrat, bid 1",3021364.0
"Pennsylvania 2012 democrat, bid 2",1510682.0
"Pennsylvania 2012 democrat, bid 3",1007121.3333333334
"Pennsylvania 2012 democrat, bid 4",755341.0
"Pennsylvania 2012 democrat, bid 5",604272.8
"Pennsylvania 2012 democrat, bid 6",503560.6666666667
"Pennsylvania 2012 democrat, bid 7",431623.4285714286
"Pennsylvania 2012 democrat, bid 8",377670.5
"Pennsylvania 2012 democrat, bid 9",335707.1111111111
"Pennsylvania 2012 democrat, bid 10",302136.4
"Pennsylvania 2012 democrat, bid 11",274669.45454545453
"Pennsylvania 2012 democrat, bid 12",251780.33333333334
"Pennsylvania 2012 democrat, bid 13",232412.61538461538
"Pennsylvania 2012 democrat, bid 14",215811.7142857143
"Pennsylvania 2012 democrat, bid 15",201424.26666666666
"Pennsylvania 2012 democrat, bid 16",188835.25
"Pennsylvania 2012 democrat, bid 17",177727.29411764705
"Pennsylvania 2012 democrat, bid 18",167853.55555555556
"Pennsylvania 2012 libertarian, bid 1",96926.0
"Pennsylvania 2012 libertarian, bid 2",48463.0
"Pennsylvania 2012 libertarian, bid 3",32308.666666666668
"Pennsylvania 2012 libertarian, bid 4",24231.5
"Pennsylvania 2012 libertarian, bid 5",19385.2
"Pennsylvania 2012 libertarian, bid 6",16154.333333333334
"Pennsylvania 2012 libertarian, bid 7",13846.57142857143
"Pennsylvania 2012 libertarian, bid 8",12115.75
"Pennsylvania 2012 libertarian, bid 9",10769.555555555555
"Pennsylvania 2012 libertarian, bid 10",9692.6
"Pennsylvania 2012 libertarian, bid 11",8811.454545454546
"Pennsylvania 2012 libertarian, bid 12",8077.166666666667
"Pennsylvania 2012 libertarian, bid 13",7455.846153846154
"Pennsylvania 2012 libertarian, bid 14",6923.285714285715
"Pennsylvania 2012 libertarian, bid 15",6461.733333333334
"Pennsylvania 2012 libertarian, bid 16",6057.875
"Pennsylvania 2012 libertarian, bid 17",5701.529411764706
"Pennsylvania 2012 libertarian, bid 18",5384.777777777777
"Pennsylvania 2012 republican, bid 1",2509132.0
"Pennsylvania 2012 republican, bid 2",1254566.0
"Pennsylvania 2012 republican, bid 3",836377.3333333334
"Pennsylvania 2012 republican, bid 4",627283.0
"Pennsylvania 2012 republican, bid 5",501826.4
"Pennsylvania 2012 republican, bid 6",418188.6666666667
"Pennsylvania 2012 republican, bid 7",358447.4285714286
"Pennsylvania 2012 republican, bid 8",313641.5
"Pennsylvania 2012 republican, bid 9",278792.44444444444
"Pennsylvania 2012 republican, bid 10",250913.2
"Pennsylvania 2012 republican, bid 11",228102.9090909091
"Pennsylvania 2012 republican, bid 12",209094.33333333334
"Pennsylvania 2012 republican, bid 13",193010.15384615384
"Pennsylvania 2012 republican, bid 14",179223.7142857143
"Pennsylvania 2012 republican, bid 15",167275.46666666667
"Pennsylvania 2012 republican, bid 16",156820.75
"Pennsylvania 2012 republican, bid 17",147596.0
"Pennsylvania 2012 republican, bid 18",139396.22222222222
"Rhode Island 2012 NA, bid 1",933.0
"Rhode Island 2012 NA, bid 2",466.5
"Rhode Island 2012 democrat, bid 1",271034.0
"Rhode Island 2012 democrat, bid 2",135517.0
"Rhode Island 2012 republican, bid 1",146222.0
"Rhode Island 2012 republican, bid 2",73111.0
"Tennessee 2012 NA, bid 1",1288.0
"Tennessee 2012 NA, bid 2",644.0
"Tennessee 2012 NA, bid 3",429.3333333333333
"Tennessee 2012 NA, bid 4",322.0
"Tennessee 2012 NA, bid 5",257.6
"Tennessee 2012 NA, bid 6",214.66666666666666
"Tennessee 2012 NA, bid 7",184.0
"Tennessee 2012 NA, bid 8",161.0
"Tennessee 2012 NA, bid 9",143.11111111111111
"Tennessee 2012 constitution, bid 1",18620.0
"Tennessee 2012 constitution, bid 2",9310.0
"Tennessee 2012 constitution, bid 3",6206.666666666667
"Tennessee 2012 constitution, bid 4",4655.0
"Tennessee 2012 constitution, bid 5",3724.0
"Tennessee 2012 constitution, bid 6",3103.3333333333335
"Tennessee 2012 constitution, bid 7",2660.0
"Tennessee 2012 constitution, bid 8",2327.5
"Tennessee 2012 constitution, bid 9",2068.8888888888887
"Tennessee 2012 democrat, bid 1",705882.0
"Tennessee 2012 democrat, bid 2",352941.0
"Tennessee 2012 democrat, bid 3",235294.0
"Tennessee 2012 democrat, bid 4",176470.5
"Tennessee 2012 democrat, bid 5",141176.4
"Tennessee 2012 democrat, bid 6",117647.0
"Tennessee 2012 democrat, bid 7",100840.28571428571
"Tennessee 2012 democrat, bid 8",88235.25
"Tennessee 2012 democrat, bid 9",78431.33333333333
"Tennessee 2012 green, bid 1",38472.0
"Tennessee 2012 green, bid 2",19236.0
"Tennessee 2012 green, bid 3",12824.0
"Tennessee 2012 green, bid 4",9618.0
"Tennessee 2012 green, bid 5",7694.4
"Tennessee 2012 green, bid 6",6412.0
"Tennessee 2012 green, bid 7",5496.0
"Tennessee 2012 green, bid 8",4809.0
"Tennessee 2012 green, bid 9",4274.666666666667
"Tennessee 2012 independent, bid 1",50772.0
"Tennessee 2012 independent, bid 2",25386.0
"Tennessee 2012 independent, bid 3",16924.0
"Tennessee 2012 independent, bid 4",12693.0
"Tennessee 2012 independent, bid 5",10154.4
"Tennessee 2012 independent, bid 6",8462.0
"Tennessee 2012 independent, bid 7",7253.142857142857
"Tennessee 2012 independent, bid 8",6346.5
"Tennessee 2012 independent, bid 9",5641.333333333333
"Tennessee 2012 republican, bid 1",1506443.0
"Tennessee 2012 republican, bid 2",753221.5
"Tennessee 2012 republican, bid 3",502147.6666666667
"Tennessee 2012 republican, bid 4",376610.75
"Tennessee 2012 republican, bid 5",301288.6
"Tennessee 2012 republican, bid 6",251073.83333333334
"Tennessee 2012 republican, bid 7",215206.14285714287
"Tennessee 2012 republican, bid 8",188305.375
"Tennessee 2012 republican, bid 9",167382.55555555556
"Texas 2012 democrat, bid 1",3194927.0
"Texas 2012 democrat, bid 2",1597463.5
"Texas 2012 democrat, bid 3",1064975.6666666667
"Texas 2012 democrat, bid 4",798731.75
"Texas 2012 democrat, bid 5",638985.4
"Texas 2012 democrat, bid 6",532487.8333333334
"Texas 2012 democrat, bid 7",456418.14285714284
"Texas 2012 democrat, bid 8",399365.875
"Texas 2012 democrat, bid 9",354991.8888888889
"Texas 2012 democrat, bid 10",319492.7
"Texas 2012 democrat, bid 11",290447.9090909091
"Texas 2012 democrat, bid 12",266243.9166666667
"Texas 2012 democrat, bid 13",245763.61538461538
"Texas 2012 democrat, bid 14",228209.07142857142
"Texas 2012 democrat, bid 15",212995.13333333333
"Texas 2012 democrat, bid 16",199682.9375
"Texas 2012 democrat, bid 17",187936.88235294117
"Texas 2012 democrat, bid 18",177495.94444444444
"Texas 2012 democrat, bid 19",168154.05263157896
"Texas 2012 democrat, bid 20",159746.35
"Texas 2012 democrat, bid 21",152139.38095238095
"Texas 2012 democrat, bid 22",145223.95454545456
"Texas 2012 democrat, bid 23",138909.86956521738
"Texas 2012 democrat, bid 24",133121.95833333334
"Texas 2012 democrat, bid 25",127797.08
"Texas 2012 democrat, bid 26",122881.80769230769
"Texas 2012 democrat, bid 27",118330.62962962964
"Texas 2012 democrat, bid 28",114104.53571428571
"Texas 2012 democrat, bid 29",110169.89655172414
"Texas 2012 democrat, bid 30",106497.56666666667
"Texas 2012 democrat, bid 31",103062.16129032258
"Texas 2012 democrat, bid 32",99841.46875
"Texas 2012 democrat, bid 33",96815.9696969697
"Texas 2012 democrat, bid 34",93968.44117647059
"Texas 2012 democrat, bid 35",91283.62857142858
"Texas 2012 democrat, bid 36",88747.97222222222
"Texas 2012 green, bid 1",67404.0
"Texas 2012 green, bid 2",33702.0
"Texas 2012 green, bid 3",22468.0
"Texas 2012 green, bid 4",16851.0
"Texas 2012 green, bid 5",13480.8
"Texas 2012 green, bid 6",11234.0
"Texas 2012 green, bid 7",9629.142857142857
"Texas 2012 green, bid 8",8425.5
"Texas 2012 green, bid 9",7489.333333333333
"Texas 2012 green, bid 10",6740.4
"Texas 2012 green, bid 11",6127.636363636364
"Texas 2012 green, bid 12",5617.0
"Texas 2012 green, bid 13",5184.923076923077
"Texas 2012 green, bid 14",4814.571428571428
"Texas 2012 green, bid 15",4493.6
"Texas 2012 green, bid 16",4212.75
"Texas 2012 green, bid 17",3964.9411764705883
"Texas 2012 green, bid 18",3744.6666666666665
"Texas 2012 green, bid 19",3547.5789473684213
"Texas 2012 green, bid 20",3370.2
"Texas 2012 green, bid 21",3209.714285714286
"Texas 2012 green, bid 22",3063.818181818182
"Texas 2012 green, bid 23",2930.608695652174
"Texas 2012 green, bid 24",2808.5
"Texas 2012 green, bid 25",2696.16
"Texas 2012 green, bid 26",2592.4615384615386
"Texas 2012 green, bid 27",2496.4444444444443
"Texas 2012 green, bid 28",2407.285714285714
"Texas 2012 green, bid 29",2324.2758620689656
"Texas 2012 green, bid 30",2246.8
"Texas 2012 green, bid 31",2174.3225806451615
"Texas 2012 green, bid 32",2106.375
"Texas 2012 green, bid 33",2042.5454545454545
"Texas 2012 green, bid 34",1982.4705882352941
"Texas 2012 green, bid 35",1925.8285714285714
"Texas 2012 green, bid 36",1872.3333333333333
"Texas 2012 libertarian, bid 1",162354.0
"Texas 2012 libertarian, bid 2",81177.0
"Texas 2012 libertarian, bid 3",54118.0
"Texas 2012 libertarian, bid 4",40588.5
"Texas 2012 libertarian, bid 5",32470.8
"Texas 2012 libertarian, bid 6",27059.0
"Texas 2012 libertarian, bid 7",23193.428571428572
"Texas 2012 libertarian, bid 8",20294.25
"Texas 2012 libertarian, bid 9",18039.333333333332
"Texas 2012 libertarian, bid 10",16235.4
"Texas 2012 libertarian, bid 11",14759.454545454546
"Texas 2012 libertarian, bid 12",13529.5
"Texas 2012 libertarian, bid 13",12488.76923076923
"Texas 2012 libertarian, bid 14",11596.714285714286
"Texas 2012 libertarian, bid 15",10823.6
"Texas 2012 libertarian, bid 16",10147.125
"Texas 2012 libertarian, bid 17",9550.235294117647
"Texas 2012 libertarian, bid 18",9019.666666666666
"Texas 2012 libertarian, bid 19",8544.947368421053
"Texas 2012 libertarian, bid 20",8117.7
"Texas 2012 libertarian, bid 21",7731.142857142857
"Texas 2012 libertarian, bid 22",7379.727272727273
"Texas 2012 libertarian, bid 23",7058.869565217391
"Texas 2012 libertarian, bid 24",6764.75
"Texas 2012 libertarian, bid 25",6494.16
"Texas 2012 libertarian, bid 26",6244.384615384615
"Texas 2012 libertarian, bid 27",6013.111111111111
"Texas 2012 libertarian, bid 28",5798.357142857143
"Texas 2012 libertarian, bid 29",5598.413793103448
"Texas 2012 libertarian, bid 30",5411.8
"Texas 2012 libertarian, bid 31",5237.225806451613
"Texas 2012 libertarian, bid 32",5073.5625
"Texas 2012 libertarian, bid 33",4919.818181818182
"Texas 2012 libertarian, bid 34",4775.117647058823
"Texas 2012 libertarian, bid 35",4638.685714285714
"Texas 2012 libertarian, bid 36",4509.833333333333
"Texas 2012 republican, bid 1",4440137.0
"Texas 2012 republican, bid 2",2220068.5
"Texas 2012 republican, bid 3",1480045.6666666667
"Texas 2012 republican, bid 4",1110034.25
"Texas 2012 republican, bid 5",888027.4
"Texas 2012 republican, bid 6",740022.8333333334
"Texas 2012 republican, bid 7",634305.2857142857
"Texas 2012 republican, bid 8",555017.125
"Texas 2012 republican, bid 9",493348.55555555556
"Texas 2012 republican, bid 10",444013.7
"Texas 2012 republican, bid 11",403648.8181818182
"Texas 2012 republican, bid 12",370011.4166666667
"Texas 2012 republican, bid 13",341549.0
"Texas 2012 republican, bid 14",317152.64285714284
"Texas 2012 republican, bid 15",296009.13333333336
"Texas 2012 republican, bid 16",277508.5625
"Texas 2012 republican, bid 17",261184.5294117647
"Texas 2012 republican, bid 18",246674.27777777778
"Texas 2012 republican, bid 19",233691.42105263157
"Texas 2012 republican, bid 20",222006.85
"Texas 2012 republican, bid 21",211435.09523809524
"Texas 2012 republican, bid 22",201824.4090909091
"Texas 2012 republican, bid 23",193049.4347826087
"Texas 2012 republican, bid 24",185005.70833333334
"Texas 2012 republican, bid 25",177605.48
"Texas 2012 republican, bid 26",170774.5
"Texas 2012 republican, bid 27",164449.5185185185
"Texas 2012 republican, bid 28",158576.32142857142
"Texas 2012 republican, bid 29",153108.1724137931
"Texas 2012 republican, bid 30",148004.56666666668
"Texas 2012 republican, bid 31",143230.2258064516
"Texas 2012 republican, bid 32",138754.28125
"Texas 2012 republican, bid 33",134549.60606060605
"Texas 2012 republican, bid 34",130592.26470588235
"Texas 2012 republican, bid 35",126861.05714285714
"Texas 2012 republican, bid 36",123337.13888888889
"Utah 2012 NA, bid 1",1.0
"Utah 2012 NA, bid 2",0.5
"Utah 2012 NA, bid 3",0.3333333333333333
"Utah 2012 NA, bid 4",0.25
"Utah 2012 constitution, bid 1",31905.0
"Utah 2012 constitution, bid 2",15952.5
"Utah 2012 constitution, bid 3",10635.0
"Utah 2012 constitution, bid 4",7976.25
"Utah 2012 democrat, bid 1",301873.0
"Utah 2012 democrat, bid 2",150936.5
"Utah 2012 democrat, bid 3",100624.33333333333
"Utah 2012 democrat, bid 4",75468.25
"Utah 2012 justice, bid 1",8342.0
"Utah 2012 justice, bid 2",4171.0
"Utah 2012 justice, bid 3",2780.6666666666665
"Utah 2012 justice, bid 4",2085.5
"Utah 2012 none, bid 1",7172.0
"Utah 2012 none, bid 2",3586.0
"Utah 2012 none, bid 3",2390.6666666666665
"Utah 2012 none, bid 4",1793.0
"Utah 2012 republican, bid 1",657608.0
"Utah 2012 republican, bid 2",328804.0
"Utah 2012 republican, bid 3",219202.66666666666
"Utah 2012 republican, bid 4",164402.0
"Vermont 2012 NA, bid 1",252.0
"Vermont 2012 independent, bid 1",207848.0
"Vermont 2012 liberty union, bid 1",2511.0
"Vermont 2012 peace and prosperity, bid 1",2452.0
"Vermont 2012 republican, bid 1",72898.0
"Vermont 2012 united states marijuana, bid 1",5924.0
"Vermont 2012 votekiss, bid 1",877.0
"Virginia 2012 NA, bid 1",6587.0
"Virginia 2012 NA, bid 2",3293.5
"Virginia 2012 NA, bid 3",2195.6666666666665
"Virginia 2012 NA, bid 4",1646.75
"Virginia 2012 NA, bid 5",1317.4
"Virginia 2012 NA, bid 6",1097.8333333333333
"Virginia 2012 NA, bid 7",941.0
"Virginia 2012 NA, bid 8",823.375
"Virginia 2012 NA, bid 9",731.8888888888889
"Virginia 2012 NA, bid 10",658.7
"Virginia 2012 NA, bid 11",598.8181818181819
"Virginia 2012 democrat, bid 1",2010067.0
"Virginia 2012 democrat, bid 2",1005033.5
"Virginia 2012 democrat, bid 3",670022.3333333334
"Virginia 2012 democrat, bid 4",502516.75
"Virginia 2012 democrat, bid 5",402013.4
"Virginia 2012 democrat, bid 6",335011.1666666667
"Virginia 2012 democrat, bid 7",287152.4285714286
"Virginia 2012 democrat, bid 8",251258.375
"Virginia 2012 democrat, bid 9",223340.77777777778
"Virginia 2012 democrat, bid 10",201006.7
"Virginia 2012 democrat, bid 11",182733.36363636365
"Virginia 2012 republican, bid 1",1785542.0
"Virginia 2012 republican, bid 2",892771.0
"Virginia 2012 republican, bid 3",595180.6666666666
"Virginia 2012 republican, bid 4",446385.5
"Virginia 2012 republican, bid 5",357108.4
"Virginia 2012 republican, bid 6",297590.3333333333
"Virginia 2012 republican, bid 7",255077.42857142858
"Virginia 2012 republican, bid 8",223192.75
"Virginia 2012 republican, bid 9",198393.55555555556
"Virginia 2012 republican, bid 10",178554.2
"Virginia 2012 republican, bid 11",162322.0
"Washington 2012 democrat, bid 1",1855493.0
"Washington 2012 democrat, bid 2",927746.5
"Washington 2012 democrat, bid 3",618497.6666666666
"Washington 2012 democrat, bid 4",463873.25
"Washington 2012 democrat, bid 5",371098.6
"Washington 2012 democrat, bid 6",309248.8333333333
"Washington 2012 democrat, bid 7",265070.4285714286
"Washington 2012 democrat, bid 8",231936.625
"Washington 2012 democrat, bid 9",206165.88888888888
"Washington 2012 democrat, bid 10",185549.3
"Washington 2012 republican, bid 1",1213924.0
"Washington 2012 republican, bid 2",606962.0
"Washington 2012 republican, bid 3",404641.3333333333
"Washington 2012 republican, bid 4",303481.0
"Washington 2012 republican, bid 5",242784.8
"Washington 2012 republican, bid 6",202320.66666666666
"Washington 2012 republican, bid 7",173417.7142857143
"Washington 2012 republican, bid 8",151740.5
"Washington 2012 republican, bid 9",134880.44444444444
"Washington 2012 republican, bid 10",121392.4
"West Virginia 2012 democrat, bid 1",399898.0
"West Virginia 2012 democrat, bid 2",199949.0
"West Virginia 2012 democrat, bid 3",133299.33333333334
"West Virginia 2012 mountain party, bid 1",19517.0
"West Virginia 2012 mountain party, bid 2",9758.5
"West Virginia 2012 mountain party, bid 3",6505.666666666667
"West Virginia 2012 republican, bid 1",240787.0
"West Virginia 2012 republican, bid 2",120393.5
"West Virginia 2012 republican, bid 3",80262.33333333333
"Wisconsin 2012 , bid 1",3373.0
"Wisconsin 2012 , bid 2",1686.5
"Wisconsin 2012 , bid 3",1124.3333333333333
"Wisconsin 2012 , bid 4",843.25
"Wisconsin 2012 , bid 5",674.6
"Wisconsin 2012 , bid 6",562.1666666666666
"Wisconsin 2012 , bid 7",481.85714285714283
"Wisconsin 2012 , bid 8",421.625
"Wisconsin 2012 NA, bid 1",113.0
"Wisconsin 2012 NA, bid 2",56.5
"Wisconsin 2012 NA, bid 3",37.666666666666664
"Wisconsin 2012 NA, bid 4",28.25
"Wisconsin 2012 NA, bid 5",22.6
"Wisconsin 2012 NA, bid 6",18.833333333333332
"Wisconsin 2012 NA, bid 7",16.142857142857142
"Wisconsin 2012 NA, bid 8",14.125
"Wisconsin 2012 democrat, bid 1",1547104.0
"Wisconsin 2012 democrat, bid 2",773552.0
"Wisconsin 2012 democrat, bid 3",515701.3333333333
"Wisconsin 2012 democrat, bid 4",386776.0
"Wisconsin 2012 democrat, bid 5",309420.8
"Wisconsin 2012 democrat, bid 6",257850.66666666666
"Wisconsin 2012 democrat, bid 7",221014.85714285713
"Wisconsin 2012 democrat, bid 8",193388.0
"Wisconsin 2012 i.d.e.a., bid 1",16455.0
"Wisconsin 2012 i.d.e.a., bid 2",8227.5
"Wisconsin 2012 i.d.e.a., bid 3",5485.0
"Wisconsin 2012 i.d.e.a., bid 4",4113.75
"Wisconsin 2012 i.d.e.a., bid 5",3291.0
"Wisconsin 2012 i.d.e.a., bid 6",2742.5
"Wisconsin 2012 i.d.e.a., bid 7",2350.714285714286
"Wisconsin 2012 i.d.e.a., bid 8",2056.875
"Wisconsin 2012 libertarian, bid 1",62240.0
"Wisconsin 2012 libertarian, bid 2",31120.0
"Wisconsin 2012 libertarian, bid 3",20746.666666666668
"Wisconsin 2012 libertarian, bid 4",15560.0
"Wisconsin 2012 libertarian, bid 5",12448.0
"Wisconsin 2012 libertarian, bid 6",10373.333333333334
"Wisconsin 2012 libertarian, bid 7",8891.42857142857
"Wisconsin 2012 libertarian, bid 8",7780.0
"Wisconsin 2012 republican, bid 1",1380126.0
"Wisconsin 2012 republican, bid 2",690063.0
"Wisconsin 2012 republican, bid 3",460042.0
"Wisconsin 2012 republican, bid 4",345031.5
"Wisconsin 2012 republican, bid 5",276025.2
"Wisconsin 2012 republican, bid 6",230021.0
"Wisconsin 2012 republican, bid 7",197160.85714285713
"Wisconsin 2012 republican, bid 8",172515.75
"Wyoming 2012 , bid 1",5838.0
"Wyoming 2012 NA, bid 1",417.0
"Wyoming 2012 country party, bid 1",6176.0
"Wyoming 2012 democrat, bid 1",53019.0
"Wyoming 2012 republican, bid 1",185250.0
